{"frames":{"New Piskel0.png":{"frame":{"x":0,"y":0,"w":672,"h":672},"rotated":false,"trimmed":false,"spriteSourceSize":{"x":0,"y":0,"w":672,"h":672},"sourceSize":{"w":672,"h":672}},"New Piskel1.png":{"frame":{"x":672,"y":0,"w":672,"h":672},"rotated":false,"trimmed":false,"spriteSourceSize":{"x":0,"y":0,"w":672,"h":672},"sourceSize":{"w":672,"h":672}},"New Piskel2.png":{"frame":{"x":0,"y":672,"w":672,"h":672},"rotated":false,"trimmed":false,"spriteSourceSize":{"x":0,"y":0,"w":672,"h":672},"sourceSize":{"w":672,"h":672}},"New Piskel3.png":{"frame":{"x":672,"y":672,"w":672,"h":672},"rotated":false,"trimmed":false,"spriteSourceSize":{"x":0,"y":0,"w":672,"h":672},"sourceSize":{"w":672,"h":672}},"New Piskel4.png":{"frame":{"x":0,"y":1344,"w":672,"h":672},"rotated":false,"trimmed":false,"spriteSourceSize":{"x":0,"y":0,"w":672,"h":672},"sourceSize":{"w":672,"h":672}}},"meta":{"app":"https://github.com/piskelapp/piskel/","version":"1.0","image":"New Piskel.png","format":"RGBA8888","size":{"w":1344,"h":2016}}}